Normalised_Label	Term1_ID	Term1_Label	Term1_Branch	Term2_ID	Term2_Label	Term2_Branch
1palmitoyl2palmitoleoylgpc(16:0/16:1)measurement	EFO:0022084	1-palmitoyl-2-palmitoleoyl-GPC (16:0/16:1) measurement	Other	EFO:0800406	1-palmitoyl-2-palmitoleoyl-GPC(16:0/16:1) measurement	Other
3indoxylsulfatemeasurement	EFO:0010985	3-Indoxylsulfate measurement	Other	EFO:0022088	3-indoxyl sulfate measurement	Other
3msyndrome	MONDO:0007477	3-M syndrome	Disease	Orphanet:2616	3M syndrome	Disease
3phosphoglycericacid	CHEBI:17050	3-phosphoglyceric acid	Other	EFO:0010450	3-phosphoglyceric acid	Other
acidosis	EFO:1000014	acidosis	Disease	HP:0001941	Acidosis	Phenotype
acrocardiofacialsyndrome	MONDO:0010890	acrocardiofacial syndrome	Disease	Orphanet:2008	Acro-cardio-facial syndrome	Disease
acrofrontofacionasaldysostosis	MONDO:0008715	acrofrontofacionasal dysostosis	Disease	Orphanet:1784	Acro-fronto-facio-nasal dysostosis	Disease
acrootoocularsyndrome	MONDO:0009920	Acrootoocular syndrome	Disease	Orphanet:2980	Acro-oto-ocular syndrome	Disease
acropectoralsyndrome	MONDO:0011621	acropectoral syndrome	Disease	Orphanet:85203	Acro-pectoral syndrome	Disease
acropectororenaldysplasia	MONDO:0019840	acropectororenal dysplasia	Disease	Orphanet:956	Acro-pectoro-renal dysplasia	Disease
actionmyoclonusrenalfailuresyndrome	MONDO:0009699	action myoclonus-renal failure syndrome	Disease	Orphanet:163696	Action myoclonus - renal failure syndrome	Disease
acutekidneyinjury	HP:0001919	Acute kidney injury	Phenotype	MONDO:0002492	acute kidney injury	Disease
acutemonocyticleukemia	EFO:0000221	acute monocytic leukemia	Disease	HP:0004845	Acute monocytic leukemia	Phenotype
acutepancreatitis	EFO:1000652	acute pancreatitis	Disease	HP:0001735	Acute pancreatitis	Phenotype
adamdec1(human)	PR:O15204	ADAM DEC1 (human)	Other	gene:symbol:report?hgnc:id=16299	ADAMDEC1 (human)	Other
adipicacidmeasurement	EFO:0010455	adipic acid measurement	Other	EFO:0021575	Adipic acid measurement	Other
adnprelatedmultiplecongenitalanomaliesintellectualdisabilityautismspectrumdisorder	MONDO:0014379	ADNP-related multiple congenital anomalies - intellectual disability - autism spectrum disorder	Disease	Orphanet:404448	ADNP-related multiple congenital anomalies-intellectual disability-autism spectrum disorder	Disease
aggressivebehavior	EFO:0003015	aggressive behavior	Other	HP:0000718	Aggressive behavior	Phenotype
akirin2(human)	PR:Q53H80	akirin-2 (human)	Other	gene:symbol:report?hgnc:id=21407	AKIRIN2 (human)	Other
albinism	HP:0001022	Albinism	Phenotype	MONDO:0043209	albinism	Disease
alopecia	HP:0001596	Alopecia	Phenotype	MONDO:0004907	alopecia	Disease
alopeciacontracturesdwarfismintellectualdisabilitysyndrome	MONDO:0008754	alopecia - contractures - dwarfism - intellectual disability syndrome	Disease	Orphanet:1005	Alopecia-contractures-dwarfism-intellectual disability syndrome	Disease
alopeciaintellectualdisabilitysyndrome	MONDO:0008756	alopecia - intellectual disability syndrome	Disease	Orphanet:2850	Alopecia-intellectual disability syndrome	Disease
alpha1antitrypsindeficiency	MONDO:0013282	alpha 1-antitrypsin deficiency	Disease	Orphanet:60	Alpha-1-antitrypsin deficiency	Disease
alphathalassemiamyelodysplasticsyndrome	MONDO:0010328	alpha-thalassemia-myelodysplastic syndrome	Disease	Orphanet:231401	Alpha-thalassemia - myelodysplastic syndrome	Disease
alphathalassemiaxlinkedintellectualdisabilitysyndrome	MONDO:0010519	alpha thalassemia-X-linked intellectual disability syndrome	Disease	Orphanet:847	Alpha-thalassemia - X-linked intellectual disability syndrome	Disease
amblyopia	HP:0000646	Amblyopia	Phenotype	MONDO:0001020	amblyopia	Disease
amelocerebrohypohidroticsyndrome	MONDO:0009185	amelocerebrohypohidrotic syndrome	Disease	Orphanet:1946	Amelo-cerebro-hypohidrotic syndrome	Disease
ameloonychohypohidroticsyndrome	MONDO:0007095	ameloonychohypohidrotic syndrome	Disease	Orphanet:1028	Amelo-onycho-hypohidrotic syndrome	Disease
amyotrophiclateralsclerosis	HP:0007354	Amyotrophic lateral sclerosis	Phenotype	MONDO:0004976	amyotrophic lateral sclerosis	Disease
anemia	HP:0001903	Anemia	Phenotype	MONDO:0002280	anemia	Disease
aneurysmosteoarthritissyndrome	MONDO:0013426	aneurysm-osteoarthritis syndrome	Disease	Orphanet:284984	Aneurysm - osteoarthritis syndrome	Disease
anhidrosis	EFO:1000670	anhidrosis	Disease	HP:0000970	Anhidrosis	Phenotype
aniridia	HP:0000526	Aniridia	Phenotype	MONDO:0019172	aniridia	Disease
aniridiaintellectualdisabilitysyndrome	MONDO:0015199	aniridia - intellectual disability syndrome	Disease	Orphanet:1068	Aniridia-intellectual disability syndrome	Disease
aorticvalvestenosis	HP:0001650	Aortic valve stenosis	Phenotype	MONDO:0042981	aortic valve stenosis	Disease
aplasticanemia	HP:0001915	Aplastic anemia	Phenotype	MONDO:0015909	aplastic anemia	Disease
arterialocclusion	HP:0025324	Arterial occlusion	Phenotype	MONDO:0020673	arterial occlusion	Disease
arthritis	EFO:0005856	arthritis	Disease	HP:0001369	Arthritis	Phenotype
asthma	HP:0002099	Asthma	Phenotype	MONDO:0004979	asthma	Disease
ataxiadeafnessintellectualdisabilitysyndrome	MONDO:0008838	ataxia - deafness - intellectual disability syndrome	Disease	Orphanet:1188	Ataxia-deafness-intellectual disability syndrome	Disease
ataxiaintellectualdisabilityoculomotorapraxiacerebellarcystssyndrome	MONDO:0014419	ataxia - intellectual disability - oculomotor apraxia - cerebellar cysts syndrome	Disease	Orphanet:370022	Ataxia-intellectual disability-oculomotor apraxia-cerebellar cysts syndrome	Disease
ataxiatelangiectasia	MONDO:0008840	ataxia telangiectasia	Disease	Orphanet:100	Ataxia-telangiectasia	Disease
ataxiatelangiectasiavariant	MONDO:0018266	ataxia - telangiectasia variant	Disease	Orphanet:370109	Ataxia-telangiectasia variant	Disease
atrialstandstill	MONDO:0015281	atrial standstill	Disease	Orphanet:1344	Atrial stand still	Disease
atypicalhypotoniacystinuriasyndrome	MONDO:0016539	atypical hypotonia-cystinuria syndrome	Disease	Orphanet:238523	Atypical hypotonia - cystinuria syndrome	Disease
autism	EFO:0003758	autism	Disease	HP:0000717	Autism	Phenotype
autismspectrumdisorderepilepsyarthrogryposissyndrome	MONDO:0014248	autism spectrum disorder - epilepsy - arthrogryposis syndrome	Disease	Orphanet:370943	Autism spectrum disorder-epilepsy-arthrogryposis syndrome	Disease
autoimmuneenteropathyandendocrinopathysusceptibilitytochronicinfectionssyndrome	MONDO:0013599	autoimmune enteropathy and endocrinopathy - susceptibility to chronic infections syndrome	Disease	Orphanet:391487	Autoimmune enteropathy and endocrinopathy-susceptibility to chronic infections syndrome	Disease
autosomaldominantdeafnessonychodystrophysyndrome	MONDO:0007420	autosomal dominant deafness - onychodystrophy syndrome	Disease	Orphanet:79499	Autosomal dominant deafness-onychodystrophy syndrome	Disease
autosomalrecessivecerebellarataxiaepilepsyintellectualdisabilitysyndrome	MONDO:0018446	autosomal recessive cerebellar ataxia - epilepsy - intellectual disability syndrome	Disease	Orphanet:404481	Autosomal recessive cerebellar ataxia-epilepsy-intellectual disability syndrome	Disease
autosomalrecessivecerebellarataxiapyramidalsignsnystagmusoculomotorapraxiasyndrome	MONDO:0018189	autosomal recessive cerebellar ataxia - pyramidal signs - nystagmus - oculomotor apraxia syndrome	Disease	Orphanet:363429	Autosomal recessive cerebellar ataxia-pyramidal signs-nystagmus-oculomotor apraxia syndrome	Disease
autosomalrecessivefaciodigitogenitalsyndrome	MONDO:0009209	autosomal recessive faciodigitogenital syndrome	Disease	Orphanet:1974	Autosomal recessive facio-digito-genital syndrome	Disease
avascularnecrosis	HP:0010885	Avascular necrosis	Phenotype	MONDO:0018373	avascular necrosis	Disease
axin1(human)	PR:O15169	Axin-1 (human)	Other	gene:symbol:report?hgnc:id=903	AXIN1 (human)	Other
axin2(human)	PR:Q9Y2T1	Axin-2 (human)	Other	gene:symbol:report?hgnc:id=904	AXIN2 (human)	Other
azoospermia	EFO:0000279	azoospermia	Disease	HP:0000027	Azoospermia	Phenotype
bcl2likeprotein2(human)	PR:000036332	Bcl-2-like protein 2 (human)	Other	PR:Q92843	bcl-2-like protein 2 (human)	Other
beta2microglobulinmeasurement	EFO:0005197	beta-2 microglobulin measurement	Other	EFO:0020180	beta-2-microglobulin measurement	Other
betathalassemia	MONDO:0019402	beta thalassemia	Disease	Orphanet:848	Beta-thalassemia	Disease
biliaryatresia	HP:0005912	Biliary atresia	Phenotype	MONDO:0008867	biliary atresia	Disease
bladderdiverticulum	HP:0000015	Bladder diverticulum	Phenotype	MONDO:0007197	bladder diverticulum	Disease
blepharophimosisintellectualdisabilitysyndrome	MONDO:0017393	blepharophimosis - intellectual disability syndrome	Disease	Orphanet:293642	Blepharophimosis-intellectual disability syndrome	Disease
blepharophimosisintellectualdisabilitysyndrome,mkbtype	MONDO:0010477	blepharophimosis - intellectual disability syndrome, MKB type	Disease	Orphanet:293707	Blepharophimosis-intellectual disability syndrome, MKB type	Disease
blepharophimosisintellectualdisabilitysyndrome,ohdotype	MONDO:0009583	blepharophimosis - intellectual disability syndrome, Ohdo type	Disease	Orphanet:2728	Blepharophimosis-intellectual disability syndrome, Ohdo type	Disease
blepharophimosisintellectualdisabilitysyndrome,sbbystype	MONDO:0011365	blepharophimosis - intellectual disability syndrome, SBBYS type	Disease	Orphanet:3047	Blepharophimosis-intellectual disability syndrome, SBBYS type	Disease
blepharophimosisintellectualdisabilitysyndrome,verloestype	MONDO:0011432	blepharophimosis - intellectual disability syndrome, Verloes type	Disease	Orphanet:293725	Blepharophimosis-intellectual disability syndrome, Verloes type	Disease
blindnessscoliosisarachnodactylysyndrome	MONDO:0012907	blindness - scoliosis - arachnodactyly syndrome	Disease	Orphanet:171844	Blindness-scoliosis-arachnodactyly syndrome	Disease
brachydactyly	HP:0001156	Brachydactyly	Phenotype	MONDO:0021004	brachydactyly	Disease
brachytelephalangydysmorphismkallmannsyndrome	MONDO:0007231	brachytelephalangy-dysmorphism-Kallmann syndrome	Disease	Orphanet:1295	Brachytelephalangy - dysmorphism - Kallmann syndrome	Disease
brainstemglioblastoma	EFO:1000141	Brain Stem Glioblastoma	Disease	MONDO:1060180	brain stem glioblastoma	Disease
branchiooculofacialsyndrome	MONDO:0007235	branchiooculofacial syndrome	Disease	Orphanet:1297	Branchio-oculo-facial syndrome	Disease
branchiooticsyndrome	MONDO:0018878	branchiootic syndrome	Disease	Orphanet:52429	Branchio-otic syndrome	Disease
bronchiectasis	HP:0002110	Bronchiectasis	Phenotype	MONDO:0004822	bronchiectasis	Disease
bronchiolitis	HP:0011950	Bronchiolitis	Phenotype	MONDO:0002465	bronchiolitis	Disease
capseq	EFO:0008671	CAP-seq	Other	EFO:0008673	CapSeq	Other
cardiacanomaliesdevelopmentaldelayfacialdysmorphismsyndrome	MONDO:0014773	cardiac anomalies - developmental delay - facial dysmorphism syndrome	Disease	Orphanet:369891	Cardiac anomalies-developmental delay-facial dysmorphism syndrome	Disease
careyfinemanzitersyndrome	MONDO:0031415	Carey-Fineman-Ziter syndrome	Disease	Orphanet:1358	Carey-Fineman-Ziter  syndrome	Disease
carneycomplextrismuspseudocamptodactylysyndrome	MONDO:0012137	Carney complex - trismus - pseudocamptodactyly syndrome	Disease	Orphanet:319340	Carney complex-trismus-pseudocamptodactyly syndrome	Disease
cataract	HP:0000518	Cataract	Phenotype	MONDO:0005129	cataract	Disease
cataractcongenitalheartdiseaseneuraltubedefectsyndrome	MONDO:0011995	cataract - congenital heart disease - neural tube defect syndrome	Disease	Orphanet:314993	Cataract-congenital heart disease-neural tube defect syndrome	Disease
cataractmicrocorneasyndrome	MONDO:0015300	cataract - microcornea syndrome	Disease	Orphanet:1377	Cataract-microcornea syndrome	Disease
cellulitis	EFO:0003035	cellulitis	Disease	HP:0100658	Cellulitis	Phenotype
cerebrocostomandibularsyndrome	MONDO:0007301	cerebrocostomandibular syndrome	Disease	Orphanet:1393	Cerebro-costo-mandibular syndrome	Disease
cerebrooculonasalsyndrome	MONDO:0011575	cerebrooculonasal syndrome	Disease	Orphanet:66625	Cerebro-oculo-nasal syndrome	Disease
cerebrorenodigitalsyndrome	MONDO:0012257	Cerebrorenodigital syndrome	Disease	Orphanet:1396	Cerebro-reno-digital syndrome	Disease
cervicalpolyp	EFO:0009475	cervical polyp	Disease	HP:0030159	Cervical polyp	Phenotype
cervicitis	HP:0030160	Cervicitis	Phenotype	MONDO:0002345	cervicitis	Disease
cheilitis	HP:0100825	Cheilitis	Phenotype	MONDO:0002102	cheilitis	Disease
cholangitis	HP:0030151	Cholangitis	Phenotype	MONDO:0004789	cholangitis	Disease
cholestasis	HP:0001396	Cholestasis	Phenotype	MONDO:0001751	cholestasis	Disease
chondrocalcinosis	HP:0000934	Chondrocalcinosis	Phenotype	MONDO:0001314	chondrocalcinosis	Disease
chordoma	HP:0010762	Chordoma	Phenotype	MONDO:0008978	chordoma	Disease
chorea	EFO:0004152	chorea	Disease	HP:0002072	Chorea	Phenotype
chorioretinitis	HP:0012424	Chorioretinitis	Phenotype	MONDO:0004674	chorioretinitis	Disease
chronicrhinitis	HP:0002257	Chronic rhinitis	Phenotype	MONDO:0004514	chronic rhinitis	Disease
cirrhosisdystoniapolycythemiahypermanganesemiasyndrome	MONDO:0013208	cirrhosis - dystonia - polycythemia - hypermanganesemia syndrome	Disease	Orphanet:309854	Cirrhosis-dystonia-polycythemia-hypermanganesemia syndrome	Disease
cleftpalate	HP:0000175	Cleft palate	Phenotype	MONDO:0016064	cleft palate	Disease
coldinducedsweatingsyndromehyperthermiaspectrum	MONDO:0018431	cold-induced sweating syndrome - hyperthermia spectrum	Disease	Orphanet:401993	Cold-induced sweating syndrome-hyperthermia spectrum	Disease
colobomatousmicrophthalmiaobesityhypogenitalismintellectualdisabilitysyndrome	MONDO:0011145	colobomatous microphthalmia - obesity - hypogenitalism - intellectual disability syndrome	Disease	Orphanet:363741	Colobomatous microphthalmia-obesity-hypogenitalism-intellectual disability syndrome	Disease
combinedimmunodeficiency	HP:0005387	Combined immunodeficiency	Phenotype	MONDO:0015131	combined immunodeficiency	Disease
combinedimmunodeficiencywithfaciooculoskeletalanomalies	MONDO:0013226	combined immunodeficiency with faciooculoskeletal anomalies	Disease	Orphanet:221139	Combined immunodeficiency with facio-oculo-skeletal anomalies	Disease
conedystrophy	HP:0008020	Cone dystrophy	Phenotype	MONDO:0000455	cone dystrophy	Disease
coneroddystrophy	MONDO:0015993	cone-rod dystrophy	Disease	Orphanet:1872	Cone rod dystrophy	Disease
congenitalmicrocephalysevereencephalopathyprogressivecerebralatrophysyndrome	MONDO:0014258	congenital microcephaly - severe encephalopathy - progressive cerebral atrophy syndrome	Disease	Orphanet:391376	Congenital microcephaly-severe encephalopathy-progressive cerebral atrophy syndrome	Disease
congenitaltracheomalacia	MONDO:0019804	congenital tracheomalacia	Disease	Orphanet:95430	Congenital tracheomalacia	Disease
congestiveheartfailure	EFO:0000373	congestive heart failure	Disease	HP:0001635	Congestive heart failure	Phenotype
conjunctivitis	EFO:0009450	conjunctivitis	Disease	HP:0000509	Conjunctivitis	Phenotype
contractureswebbedneckmicrognathiahypoplasticnipplessyndrome	MONDO:0017788	contractures - webbed neck - micrognathia - hypoplastic nipples syndrome	Disease	Orphanet:314002	Contractures-webbed neck-micrognathia-hypoplastic nipples syndrome	Disease
corticaldysplasiafocalepilepsysyndrome	MONDO:0012400	cortical dysplasia-focal epilepsy syndrome	Disease	Orphanet:163681	Cortical dysplasia - focal epilepsy syndrome	Disease
coxavara	EFO:1001298	Coxa Vara	Disease	HP:0002812	Coxa vara	Phenotype
craniofacialdysplasiaosteopeniasyndrome	MONDO:0012634	craniofacial dysplasia - osteopenia syndrome	Disease	Orphanet:314555	Craniofacial dysplasia-osteopenia syndrome	Disease
ctypelectindomainfamily7memberameasurement	EFO:0020203	C-type lectin domain family 7 memberAmeasurement	Other	EFO:0802349	C-type lectin domain family 7 member A measurement	Other
cubdomaincontainingprotein1measurement	EFO:0010776	CUB domain containing protein 1 measurement	Other	EFO:0802432	CUB domain-containing protein 1 measurement	Other
curlyhairacralkeratodermacariessyndrome	MONDO:0011883	Curly hair - acral keratoderma - caries syndrome	Disease	Orphanet:307766	Curly hair-acral keratoderma-caries syndrome	Disease
cutislaxa	HP:0000973	Cutis laxa	Phenotype	MONDO:0016175	cutis laxa	Disease
cutislaxamarfanoidsyndrome	MONDO:0013574	cutis laxa - Marfanoid syndrome	Disease	Orphanet:171719	Cutis laxa-Marfanoid syndrome	Disease
ddimermeasurement	EFO:0004507	D dimer measurement	Other	EFO:0020313	d-dimer measurement	Other
deficiencyinanteriorpituitaryfunctionvariableimmunodeficiencysyndrome	MONDO:0017407	deficiency in anterior pituitary function - variable immunodeficiency syndrome	Disease	Orphanet:293978	Deficiency in anterior pituitary function-variable immunodeficiency syndrome	Disease
delirium	EFO:0009267	delirium	Disease	HP:0031258	Delirium	Phenotype
dementia	HP:0000726	Dementia	Phenotype	MONDO:0001627	dementia	Disease
dentatorubralpallidoluysianatrophy	MONDO:0007435	dentatorubral-pallidoluysian atrophy	Disease	Orphanet:101	Dentatorubral pallidoluysian atrophy	Disease
diabetesmellitus	EFO:0000400	diabetes mellitus	Disease	HP:0000819	Diabetes mellitus	Phenotype
diffusecerebralandcerebellaratrophyintractableseizuresprogressivemicrocephalysyndrome	MONDO:0014335	diffuse cerebral and cerebellar atrophy - intractable seizures - progressive microcephaly syndrome	Disease	Orphanet:404437	Diffuse cerebral and cerebellar atrophy-intractable seizures-progressive microcephaly syndrome	Disease
diffusepalmoplantarkeratodermaacrocyanosissyndrome	MONDO:0019489	diffuse palmoplantar keratoderma - acrocyanosis syndrome	Disease	Orphanet:86918	Diffuse palmoplantar keratoderma-acrocyanosis syndrome	Disease
dilatedcardiomyopathy	EFO:0000407	dilated cardiomyopathy	Disease	HP:0001644	Dilated cardiomyopathy	Phenotype
disorderofvitaminandnonproteincofactorabsorptionandtransport	MONDO:0017758	disorder of vitamin and non-protein cofactor absorption and transport	Disease	Orphanet:309827	Disorder of vitamin and non-protein cofactor absorption and transport	Disease
draxin(human)	PR:Q8NBI3	draxin (human)	Other	gene:symbol:report?hgnc:id=25054	DRAXIN (human)	Other
ectodermaldysplasiacutaneoussyndactylysyndrome	MONDO:0013313	ectodermal dysplasia-cutaneous syndactyly syndrome	Disease	Orphanet:247827	Ectodermal dysplasia - cutaneous syndactyly syndrome	Disease
ectodermaldysplasiasyndactylysyndrome	MONDO:0013311	ectodermal dysplasia-syndactyly syndrome	Disease	Orphanet:247820	Ectodermal dysplasia - syndactyly syndrome	Disease
edema	EFO:0009373	edema	Disease	HP:0000969	Edema	Phenotype
ellisvancreveldsyndrome	MONDO:0009162	Ellis-van Creveld syndrome	Disease	Orphanet:289	Ellis Van Creveld syndrome	Disease
emilin3(human)	PR:Q9NT22	EMILIN-3 (human)	Other	gene:symbol:report?hgnc:id=16123	EMILIN3 (human)	Other
endocarditis	EFO:0000465	endocarditis	Disease	HP:0100584	Endocarditis	Phenotype
epididymitis	HP:0000031	Epididymitis	Phenotype	MONDO:0004779	epididymitis	Disease
erlin1(human)	PR:O75477	erlin-1 (human)	Other	gene:symbol:report?hgnc:id=16947	ERLIN1 (human)	Other
esophagitis	HP:0100633	Esophagitis	Disease	MONDO:0001409	esophagitis	Disease
familialhyperprolactinemia	MONDO:0014250	familial hyperprolactinemia	Disease	Orphanet:397685	Familial  hyperprolactinemia	Disease
fasciitis	HP:0100537	Fasciitis	Phenotype	MONDO:0004830	fasciitis	Disease
fingerhyperphalangytoeanomaliesseverepectusexcavatumsyndrome	MONDO:0018249	finger hyperphalangy - toe anomalies - severe pectus excavatum syndrome	Disease	Orphanet:369979	Finger hyperphalangy-toe anomalies-severe pectus excavatum syndrome	Disease
fisheyedisease	MONDO:0007620	fish eye disease	Disease	Orphanet:79292	Fish-eye disease	Disease
focalepilepsyintellectualdisabilitycerebrocerebellarmalformation	MONDO:0018125	focal epilepsy-intellectual disability-cerebro-cerebellar malformation	Disease	Orphanet:352587	Focal epilepsy - intellectual disability - cerebro-cerebellar malformation	Disease
focalsegmentalglomerulosclerosis	EFO:0004236	focal segmental glomerulosclerosis	Disease	HP:0000097	Focal segmental glomerulosclerosis	Phenotype
fovealhypoplasiaopticnervedecussationdefectanteriorsegmentdysgenesissyndrome	MONDO:0012216	foveal hypoplasia - optic nerve decussation defect - anterior segment dysgenesis syndrome	Disease	Orphanet:397618	Foveal hypoplasia-optic nerve decussation defect-anterior segment dysgenesis syndrome	Disease
frontonasaldysplasiaseveremicrophthalmiaseverefacialcleftingsyndrome	MONDO:0013271	frontonasal dysplasia - severe microphthalmia - severe facial clefting syndrome	Disease	Orphanet:306542	Frontonasal dysplasia-severe microphthalmia-severe facial clefting syndrome	Disease
frontotemporaldementia	HP:0002145	Frontotemporal dementia	Phenotype	MONDO:0017276	frontotemporal dementia	Disease
furin(human)	PR:P09958	furin (human)	Other	gene:symbol:report?hgnc:id=8568	FURIN (human)	Other
generalizedepilepsywithfebrileseizuresplus	MONDO:0018214	generalized epilepsy with febrile seizures plus	Disease	Orphanet:36387	Generalized epilepsy with febrile seizures-plus	Disease
generalizedlipodystrophy	HP:0009064	Generalized lipodystrophy	Phenotype	MONDO:0027766	generalized lipodystrophy	Disease
gingivitis	HP:0000230	Gingivitis	Phenotype	MONDO:0002508	gingivitis	Disease
globaldevelopmentaldelaylungcystsovergrowthwilmstumorsyndrome	MONDO:0018445	global developmental delay - lung cysts - overgrowth - Wilms tumor syndrome	Disease	Orphanet:404476	Global developmental delay-lung cysts-overgrowth-Wilms tumor syndrome	Disease
glomerulonephritis	HP:0000099	Glomerulonephritis	Phenotype	MONDO:0002462	glomerulonephritis	Disease
glutaricaciduria	HP:0003150	Glutaric aciduria	Phenotype	MONDO:0000129	glutaric aciduria	Disease
goiter	EFO:0004283	goiter	Disease	HP:0000853	Goiter	Phenotype
gout	EFO:0004274	gout	Disease	HP:0001997	Gout	Phenotype
hamartoma	EFO:1000634	hamartoma	Disease	HP:0010566	Hamartoma	Phenotype
heartdefecttonguehamartomapolysyndactylysyndrome	MONDO:0009008	heart defect - tongue hamartoma - polysyndactyly syndrome	Disease	Orphanet:1338	Heart defect-tongue hamartoma-polysyndactyly syndrome	Disease
hexanoylglycinemeasurement	EFO:0021601	Hexanoyl glycine measurement	Other	EFO:0800233	hexanoylglycine measurement	Other
homocystinuria	HP:0002156	Homocystinuria	Phenotype	MONDO:0004737	homocystinuria	Disease
hordeolum	EFO:0007315	hordeolum	Disease	HP:0010606	Hordeolum	Phenotype
humeroradialsynostosis	MONDO:0007737	humeroradial synostosis	Disease	Orphanet:3265	Humero-radial synostosis	Disease
hydropsfetalis	HP:0001789	Hydrops fetalis	Phenotype	MONDO:0015193	hydrops fetalis	Disease
hypergonadotropichypogonadismcataractsyndrome	MONDO:0009417	hypergonadotropic hypogonadism-cataract syndrome	Disease	Orphanet:2410	Hypergonadotropic hypogonadism - cataract syndrome	Disease
hyperlipidemia	HP:0003077	Hyperlipidemia	Phenotype	MONDO:0021187	hyperlipidemia	Disease
hyperlipoproteinemia	HP:0010980	Hyperlipoproteinemia	Phenotype	MONDO:0037748	hyperlipoproteinemia	Disease
hyperostosis	HP:0100774	Hyperostosis	Phenotype	MONDO:0002185	hyperostosis	Disease
hyperparathyroidism	EFO:0008506	hyperparathyroidism	Disease	HP:0000843	Hyperparathyroidism	Phenotype
hyperphosphatemia	HP:0002905	Hyperphosphatemia	Phenotype	MONDO:0000328	hyperphosphatemia	Disease
hyperpigmentationoftheskin	HP:0000953	Hyperpigmentation of the skin	Phenotype	MONDO:0019289	hyperpigmentation of the skin	Disease
hyperpituitarism	EFO:1000973	hyperpituitarism	Disease	HP:0010514	Hyperpituitarism	Phenotype
hypertension	EFO:0000537	hypertension	Disease	HP:0000822	Hypertension	Phenotype
hypertrichosis	HP:0000998	Hypertrichosis	Phenotype	MONDO:0019280	hypertrichosis	Disease
hyperuricemia	EFO:0009104	hyperuricemia	Disease	HP:0002149	Hyperuricemia	Phenotype
hypocalcifiedamelogenesisimperfecta	MONDO:0968955	hypocalcified amelogenesis imperfecta	Disease	Orphanet:100032	Hypocalcified amelogenesis imperfecta	Disease
hypochromicanemia	HP:0001931	Hypochromic anemia	Phenotype	MONDO:0001357	hypochromic anemia	Disease
hypochromicmicrocyticanemia	HP:0004840	Hypochromic microcytic anemia	Phenotype	MONDO:0000387	hypochromic microcytic anemia	Disease
hypogonadotropichypogonadism	HP:0000044	Hypogonadotropic hypogonadism	Phenotype	MONDO:0018555	hypogonadotropic hypogonadism	Disease
hypohidrosis	EFO:1000712	hypohidrosis	Disease	HP:0000966	Hypohidrosis	Phenotype
hypoparathyroidism	EFO:0009451	hypoparathyroidism	Disease	HP:0000829	Hypoparathyroidism	Phenotype
hypophosphatemia	HP:0002148	Hypophosphatemia	Phenotype	MONDO:0000313	hypophosphatemia	Disease
hypopigmentationoftheskin	HP:0001010	Hypopigmentation of the skin	Phenotype	MONDO:0019290	hypopigmentation of the skin	Disease
hypotoniacystinuriasyndrome	MONDO:0011669	hypotonia-cystinuria syndrome	Disease	Orphanet:163690	Hypotonia - cystinuria syndrome	Disease
hypoxanthinemeasurement	EFO:0010500	hypoxanthine measurement	Other	EFO:0021604	Hypoxanthine measurement	Other
infectiousencephalitis	HP:0002383	Infectious encephalitis	Phenotype	MONDO:0020067	infectious encephalitis	Disease
infertility	EFO:0000545	infertility	Disease	HP:0000789	Infertility	Phenotype
interleukin10measurement	EFO:0004750	interleukin 10 measurement	Other	EFO:0020488	interleukin-10 measurement	Other
interleukin12measurement	EFO:0004753	interleukin 12 measurement	Other	EFO:0802654	interleukin-12 measurement	Other
interleukin13measurement	EFO:0008171	interleukin 13 measurement	Other	EFO:0802655	interleukin-13 measurement	Other
interleukin15receptorsubunitalphameasurement	EFO:0008172	interleukin 15 receptor subunit alpha measurement	Other	EFO:0801716	interleukin-15 receptor subunit alpha measurement	Other
interleukin16measurement	EFO:0008173	interleukin 16 measurement	Other	EFO:0801717	interleukin-16 measurement	Other
interleukin17receptorameasurement	EFO:0008175	interleukin 17 receptor A measurement	Other	EFO:0801718	interleukin-17 receptor A measurement	Other
interleukin17receptorbmeasurement	EFO:0008176	interleukin 17 receptor B measurement	Other	EFO:0801719	interleukin-17 receptor B measurement	Other
interleukin17receptordmeasurement	EFO:0008177	interleukin 17 receptor D measurement	Other	EFO:0801720	interleukin-17 receptor D measurement	Other
interleukin18receptor1measurement	EFO:0008178	interleukin 18 receptor 1 measurement	Other	EFO:0801721	interleukin-18 receptor 1 measurement	Other
interleukin19measurement	EFO:0008180	interleukin 19 measurement	Other	EFO:0801722	interleukin-19 measurement	Other
interleukin1receptoraccessoryproteinmeasurement	EFO:0008167	interleukin 1 Receptor accessory protein measurement	Other	EFO:0801711	interleukin-1 receptor accessory protein measurement	Other
interleukin1receptorlike1measurement	EFO:0008168	interleukin 1 receptor-like 1 measurement	Other	EFO:0801713	interleukin-1 receptor-like 1 measurement	Other
interleukin1receptorlike2measurement	EFO:0008169	interleukin 1 receptor-like 2 measurement	Other	EFO:0801714	interleukin-1 receptor-like 2 measurement	Other
interleukin23receptormeasurement	EFO:0008181	interleukin 23 receptor measurement	Other	EFO:0801725	interleukin-23 receptor measurement	Other
interleukin25measurement	EFO:0008182	interleukin 25 measurement	Other	EFO:0801726	interleukin-25 measurement	Other
interleukin27receptorsubunitalphameasurement	EFO:0008183	interleukin 27 receptor subunit alpha measurement	Other	EFO:0801727	interleukin-27 receptor subunit alpha measurement	Other
interleukin2measurement	EFO:0008331	interleukin 2 measurement	Other	EFO:0801723	interleukin-2 measurement	Other
interleukin4measurement	EFO:0008184	interleukin 4 measurement	Other	EFO:0802661	interleukin-4 measurement	Other
interleukin5measurement	EFO:0008185	interleukin 5 measurement	Other	EFO:0801729	interleukin-5 measurement	Other
interleukin5receptorsubunitalphameasurement	EFO:0008186	interleukin 5 receptor subunit alpha measurement	Other	EFO:0801730	interleukin-5 receptor subunit alpha measurement	Other
interleukin6receptorsubunitalphameasurement	EFO:0008187	interleukin 6 receptor subunit alpha measurement	Other	EFO:0801731	interleukin-6 receptor subunit alpha measurement	Other
interleukin7measurement	EFO:0008189	interleukin 7 measurement	Other	EFO:0802662	interleukin-7 measurement	Other
interleukin7receptorsubunitalphameasurement	EFO:0008190	interleukin 7 receptor subunit alpha measurement	Other	EFO:0020508	interleukin-7 receptor subunit alpha measurement	Other
interleukin8measurement	EFO:0004811	interleukin-8 measurement	Other	EFO:0008191	interleukin 8 measurement	Other
interleukin9measurement	EFO:0008192	interleukin 9 measurement	Other	EFO:0802663	interleukin-9 measurement	Other
iridocyclitis	HP:0001094	Iridocyclitis	Phenotype	MONDO:0004773	iridocyclitis	Disease
keratitis	EFO:0009449	keratitis	Disease	HP:0000491	Keratitis	Phenotype
lacticacidosis	EFO:1000036	lactic acidosis	Disease	HP:0003128	Lactic acidosis	Phenotype
lactoseintolerance	EFO:1000062	lactose intolerance	Disease	HP:0004789	Lactose intolerance	Phenotype
leftventricularnoncompaction	HP:0030682	Left ventricular noncompaction	Phenotype	MONDO:0018901	left ventricular noncompaction	Disease
lipodystrophy	EFO:1000727	lipodystrophy	Disease	HP:0009125	Lipodystrophy	Phenotype
lymphadenitis	HP:0002840	Lymphadenitis	Phenotype	MONDO:0002052	lymphadenitis	Disease
lymphedema	HP:0001004	Lymphedema	Phenotype	MONDO:0019297	lymphedema	Disease
maculardegeneration	EFO:0009606	macular degeneration	Disease	HP:0000608	Macular degeneration	Phenotype
megaloblasticanemia	HP:0001889	Megaloblastic anemia	Phenotype	MONDO:0001700	megaloblastic anemia	Disease
megalocornea	HP:0000485	Megalocornea	Phenotype	MONDO:0009576	megalocornea	Disease
meningitis	HP:0001287	Meningitis	Phenotype	MONDO:0021108	meningitis	Disease
metabolicacidosis	HP:0001942	Metabolic acidosis	Phenotype	MONDO:0000440	metabolic acidosis	Disease
methylmalonicacidemia	HP:0002912	Methylmalonic acidemia	Phenotype	MONDO:0002012	methylmalonic acidemia	Disease
microcephaly	HP:0000252	Microcephaly	Phenotype	MONDO:0001149	microcephaly	Disease
microcephalyfaciocardioskeletalsyndrome,hadziselimovictype	MONDO:0013053	microcephaly-facio-cardio-skeletal syndrome, Hadziselimovic type	Disease	Orphanet:217026	Microcephaly - facio-cardio-skeletal syndrome, Hadziselimovic type	Disease
microcyticanemia	HP:0001935	Microcytic anemia	Phenotype	MONDO:0001245	microcytic anemia	Disease
mitralvalveprolapse	HP:0001634	Mitral valve prolapse	Disease	MONDO:0004910	mitral valve prolapse	Disease
multiplecongenitalanomalieshypotoniaseizuressyndrome	MONDO:0100247	multiple congenital anomalies-hypotonia-seizures syndrome	Disease	Orphanet:280633	Multiple congenital anomalies - hypotonia - seizures syndrome	Disease
musculardystrophy	HP:0003560	Muscular dystrophy	Phenotype	MONDO:0020121	muscular dystrophy	Disease
myelofibrosis	HP:0011974	Myelofibrosis	Phenotype	MONDO:0044903	myelofibrosis	Disease
myoinositolmeasurement	EFO:0021652	Myoinositol measurement	Other	EFO:0800621	myo-inositol measurement	Other
myopathy	EFO:0004145	myopathy	Disease	HP:0003198	Myopathy	Phenotype
myopia	HP:0000545	Myopia	Phenotype	MONDO:0001384	myopia	Disease
n6succinyladenosinemeasurement	EFO:0021428	N6-succinyladenosine measurement	Other	EFO:0021657	N6-Succinyl adenosine measurement	Other
nectin1(human)	PR:Q15223	nectin-1 (human)	Other	gene:symbol:report?hgnc:id=9706	NECTIN1 (human)	Other
nectin2(human)	PR:Q92692	nectin-2 (human)	Other	gene:symbol:report?hgnc:id=9707	NECTIN2 (human)	Other
nectin3(human)	PR:Q9NQS3	nectin-3 (human)	Other	gene:symbol:report?hgnc:id=17664	NECTIN3 (human)	Other
nectin4(human)	PR:Q96NY8	nectin-4 (human)	Other	gene:symbol:report?hgnc:id=19688	NECTIN4 (human)	Other
nephrocalcinosis	HP:0000121	Nephrocalcinosis	Phenotype	MONDO:0001567	nephrocalcinosis	Disease
nephronophthisis	HP:0000090	Nephronophthisis	Phenotype	MONDO:0019005	nephronophthisis	Disease
nephropathydeafnesshyperparathyroidismsyndrome	MONDO:0009729	nephropathy - deafness - hyperparathyroidism syndrome	Disease	Orphanet:2668	Nephropathy-deafness-hyperparathyroidism syndrome	Disease
neurofibromatosistype1duetonf1mutationorintragenicdeletion	MONDO:0018208	neurofibromatosis type 1 due to NF1 mutation or intragenic deletion	Disease	Orphanet:363700	Neurofibromatosis type 1 due to NF1mutation or intragenic deletion	Disease
neuromedinu	EFO:0003266	neuromedin U	Other	PR:000011295	neuromedin-U	Other
nkg2dligand1measurement	EFO:0020609	NKG2-D ligand 1 measurement	Other	EFO:0802814	NKG2D ligand 1 measurement	Other
nkg2dligand2measurement	EFO:0020610	NKG2-D ligand 2 measurement	Other	EFO:0802815	NKG2D ligand 2 measurement	Other
nkg2dligand3measurement	EFO:0020611	NKG2-D ligand 3 measurement	Other	EFO:0802816	NKG2D ligand 3 measurement	Other
noleoyltaurinemeasurement	EFO:0800337	N-oleoyltaurine measurement	Other	EFO:0801191	N-oleoyl taurine measurement	Other
noncompactioncardiomyopathy	EFO:0004686	non-compaction cardiomyopathy	Disease	HP:0012817	Noncompaction cardiomyopathy	Phenotype
npalmitoyltaurinemeasurement	EFO:0800339	N-palmitoyltaurine measurement	Other	EFO:0801192	N-palmitoyl taurine measurement	Other
nucleosome	EFO:0022596	nucleosome	Other	EFO:0022721	Nucleosome	Other
nucseq	EFO:0008835	nuc-seq	Other	EFO:0009991	Nuc-Seq	Other
obesity	EFO:0001073	obesity	Disease	HP:0001513	Obesity	Phenotype
oligodontiacancerpredispositionsyndrome	MONDO:0012075	oligodontia-cancer predisposition syndrome	Disease	Orphanet:300576	Oligodontia - cancer predisposition syndrome	Disease
oncostatinm	EFO:0003200	oncostatin M	Other	PR:000012059	oncostatin-M	Other
opalin(human)	PR:Q96PE5	opalin (human)	Other	gene:symbol:report?hgnc:id=20707	OPALIN (human)	Other
opticatrophy	HP:0000648	Optic atrophy	Phenotype	MONDO:0003608	optic atrophy	Disease
orofacialcleft	HP:0000202	Orofacial cleft	Phenotype	MONDO:0000358	orofacial cleft	Disease
osteochondritisdissecans	HP:0010886	Osteochondritis dissecans	Phenotype	MONDO:0017178	osteochondritis dissecans	Disease
osteopetrosis	HP:0011002	Osteopetrosis	Phenotype	MONDO:0017198	osteopetrosis	Disease
osteoporosis	EFO:0003882	osteoporosis	Disease	HP:0000939	Osteoporosis	Phenotype
osteoporosisoculocutaneoushypopigmentationsyndrome	MONDO:0011020	osteoporosis-oculocutaneous hypopigmentation syndrome	Disease	Orphanet:2786	Osteoporosis - oculocutaneous hypopigmentation syndrome	Disease
pancreatitis	EFO:0000278	pancreatitis	Disease	HP:0001733	Pancreatitis	Phenotype
paraplegia	EFO:0009679	paraplegia	Disease	HP:0010550	Paraplegia	Phenotype
pericardialeffusion	HP:0001698	Pericardial effusion	Phenotype	MONDO:0001370	pericardial effusion	Disease
periostitis	HP:0040165	Periostitis	Phenotype	MONDO:0004934	periostitis	Disease
peripheralneuropathy	EFO:0003100	peripheral neuropathy	Disease	HP:0009830	Peripheral neuropathy	Phenotype
personalitydisorder	HP:0012075	Personality disorder	Phenotype	MONDO:0002028	personality disorder	Disease
phospholipidsinverysmallvldlmeasurement	EFO:0022150	phospholipids in very small VLDL measurement	Other	EFO:0022300	phospholipids in very small VLDL measurement	Other
pik3carelatedovergrowthspectrum	EFO:0009146	pik3ca related overgrowth spectrum	Disease	MONDO:1040002	PIK3CA-related overgrowth spectrum	Disease
plateletderivedgrowthfactorsubunitameasurement	EFO:0020649	platelet-derived growth factor subunitAmeasurement	Other	EFO:0801890	platelet-derived growth factor subunit A measurement	Other
pneumonia	EFO:0003106	pneumonia	Disease	HP:0002090	Pneumonia	Phenotype
pneumothorax	HP:0002107	Pneumothorax	Phenotype	MONDO:0002076	pneumothorax	Disease
polydactyly	HP:0010442	Polydactyly	Phenotype	MONDO:0021003	polydactyly	Disease
prematureejaculation	HP:0012876	Premature ejaculation	Phenotype	MONDO:0001780	premature ejaculation	Disease
progressivesupranuclearpalsycorticobasalsyndrome	MONDO:0016563	progressive supranuclear palsy-corticobasal syndrome	Disease	Orphanet:240103	Progressive supranuclear palsy - corticobasal syndrome	Disease
pulmonaryembolism	EFO:0003827	pulmonary embolism	Disease	HP:0002204	Pulmonary embolism	Phenotype
pureredcellaplasia	HP:0012410	Pure red cell aplasia	Phenotype	MONDO:0001705	pure red-cell aplasia	Disease
purpura	HP:0000979	Purpura	Phenotype	MONDO:0002610	purpura	Disease
qazimarkouizossyndrome	MONDO:0010816	Qazi Markouizos syndrome	Disease	Orphanet:3010	Qazi-Markouizos syndrome	Disease
rapidonsetchildhoodobesityhypothalamicdysfunctionhypoventilationautonomicdysregulationsyndrome	MONDO:0017408	rapid-onset childhood obesity-hypothalamic dysfunction-hypoventilation-autonomic dysregulation syndrome	Disease	Orphanet:293987	Rapid-onset childhood obesity - hypothalamic dysfunction - hypoventilation - autonomic dysregulation syndrome	Disease
rheumatoidarthritis	EFO:0000685	rheumatoid arthritis	Disease	HP:0001370	Rheumatoid arthritis	Phenotype
rickets	EFO:0005583	rickets	Disease	HP:0002748	Rickets	Phenotype
scleroderma	EFO:1001993	scleroderma	Disease	HP:0100324	Scleroderma	Phenotype
seborrheicdermatitis	EFO:1000764	seborrheic dermatitis	Disease	HP:0001051	Seborrheic dermatitis	Phenotype
septin1(human)	PR:Q8WYJ6	septin-1 (human)	Other	gene:symbol:report?hgnc:id=2879	SEPTIN1 (human)	Other
septin10(human)	PR:Q9P0V9	septin-10 (human)	Other	gene:symbol:report?hgnc:id=14349	SEPTIN10 (human)	Other
septin11(human)	PR:Q9NVA2	septin-11 (human)	Other	gene:symbol:report?hgnc:id=25589	SEPTIN11 (human)	Other
septin5(human)	PR:Q99719	septin-5 (human)	Other	gene:symbol:report?hgnc:id=9164	SEPTIN5 (human)	Other
septin6(human)	PR:Q14141	septin-6 (human)	Other	gene:symbol:report?hgnc:id=15848	SEPTIN6 (human)	Other
septoopticdysplasia	MONDO:0008428	septooptic dysplasia	Disease	Orphanet:3157	Septo-optic dysplasia	Disease
serpina11(human)	PR:Q86U17	serpin A11 (human)	Other	gene:symbol:report?hgnc:id=19193	SERPINA11 (human)	Other
serpina12(human)	PR:Q8IW75	serpin A12 (human)	Other	gene:symbol:report?hgnc:id=18359	SERPINA12 (human)	Other
serpina9(human)	PR:Q86WD7	serpin A9 (human)	Other	gene:symbol:report?hgnc:id=15995	SERPINA9 (human)	Other
serpinb13(human)	PR:Q9UIV8	serpin B13 (human)	Other	gene:symbol:report?hgnc:id=8944	SERPINB13 (human)	Other
serpinb3(human)	PR:P29508	serpin B3 (human)	Other	gene:symbol:report?hgnc:id=10569	SERPINB3 (human)	Other
serpinb4(human)	PR:P48594	serpin B4 (human)	Other	gene:symbol:report?hgnc:id=10570	SERPINB4 (human)	Other
serpinb5(human)	PR:P36952	serpin B5 (human)	Other	gene:symbol:report?hgnc:id=8949	SERPINB5 (human)	Other
serpinb8(human)	PR:P50452	serpin B8 (human)	Other	gene:symbol:report?hgnc:id=8952	SERPINB8 (human)	Other
serpinb9(human)	PR:P50453	serpin B9 (human)	Other	gene:symbol:report?hgnc:id=8955	SERPINB9 (human)	Other
serpinh1(human)	PR:P50454	serpin H1 (human)	Other	gene:symbol:report?hgnc:id=1546	SERPINH1 (human)	Other
serpini2(human)	PR:O75830	serpin I2 (human)	Other	gene:symbol:report?hgnc:id=8945	SERPINI2 (human)	Other
severecombinedimmunodeficiency	HP:0004430	Severe combined immunodeficiency	Phenotype	MONDO:0015974	severe combined immunodeficiency	Disease
severeintellectualdisabilityepilepsyanalanomaliesdistalphalangealhypoplasia	MONDO:0019786	severe intellectual disability-epilepsy-anal anomalies-distal phalangeal hypoplasia	Disease	Orphanet:94066	Severe intellectual disability - epilepsy - anal anomalies - distal phalangeal hypoplasia	Disease
sharpin(human)	PR:Q9H0F6	sharpin (human)	Other	gene:symbol:report?hgnc:id=25321	SHARPIN (human)	Other
shortstatureopticatrophypelgerhuëtanomalysyndrome	MONDO:0013889	short stature-optic atrophy-Pelger-Huët anomaly syndrome	Disease	Orphanet:391677	Short stature-optic atrophy-Pelger-Huët anomaly syndrome	Disease
sideroblasticanemia	HP:0001924	Sideroblastic anemia	Phenotype	MONDO:0015194	sideroblastic anemia	Disease
skeletaldysplasia	HP:0002652	Skeletal dysplasia	Phenotype	MONDO:0018230	skeletal dysplasia	Disease
sleepapnea	EFO:0003877	sleep apnea	Disease	HP:0010535	Sleep apnea	Phenotype
spinalatrophyophthalmoplegiapyramidalsyndrome	MONDO:0015250	spinal atrophy-ophthalmoplegia-pyramidal syndrome	Disease	Orphanet:1217	Spinal atrophy - ophthalmoplegia - pyramidal syndrome	Disease
spondyloepimetaphysealdysplasia	HP:0002651	Spondyloepimetaphyseal dysplasia	Phenotype	MONDO:0100510	spondyloepimetaphyseal dysplasia	Disease
spondyloepiphysealdysplasia	HP:0002655	Spondyloepiphyseal dysplasia	Phenotype	MONDO:0016761	spondyloepiphyseal dysplasia	Disease
stroke	EFO:0000712	stroke	Disease	HP:0001297	Stroke	Phenotype
supravalvularaorticstenosis	HP:0004381	Supravalvular aortic stenosis	Phenotype	MONDO:0008504	supravalvular aortic stenosis	Disease
syndactyly	HP:0001159	Syndactyly	Phenotype	MONDO:0021002	syndactyly	Disease
systemiclupuserythematosus	HP:0002725	Systemic lupus erythematosus	Phenotype	MONDO:0007915	systemic lupus erythematosus	Disease
testicularsertolicelltumor	EFO:1000572	Testicular Sertoli Cell Tumor	Disease	MONDO:0020808	testicular sertoli cell tumor	Disease
toothagenesis	EFO:0005410	tooth agenesis	Disease	HP:0009804	Tooth agenesis	Phenotype
trichilemmalcyst	HP:0025246	Trichilemmal cyst	Phenotype	MONDO:0012328	trichilemmal cyst	Disease
trigonocephaly	HP:0000243	Trigonocephaly	Phenotype	MONDO:0000156	trigonocephaly	Disease
trimethylaminuria	HP:0003614	Trimethylaminuria	Phenotype	MONDO:0011182	trimethylaminuria	Disease
triosephosphateisomerasedeficiency	MONDO:0014221	triosephosphate isomerase deficiency	Disease	Orphanet:868	Triose phosphate-isomerase deficiency	Disease
triphalangealthumbpolysyndactylysyndrome	MONDO:0017454	triphalangeal thumb-polysyndactyly syndrome	Disease	Orphanet:2950	Triphalangeal thumb - polysyndactyly syndrome	Disease
tripleasyndrome	MONDO:0009279	triple-A syndrome	Disease	Orphanet:869	Triple A syndrome	Disease
uvealcolobomacleftlipandpalateintellectualdisability	MONDO:0007355	uveal coloboma-cleft lip and palate-intellectual disability	Disease	Orphanet:1473	Uveal coloboma - cleft lip and palate - intellectual disability	Disease
uvealmelanoma	EFO:1000616	Uveal Melanoma	Disease	HP:0007716	Uveal melanoma	Phenotype
uveitis	EFO:1001231	uveitis	Disease	HP:0000554	Uveitis	Phenotype
vasculitis	EFO:0006803	vasculitis	Disease	HP:0002633	Vasculitis	Phenotype
ventricularfibrillation	EFO:0004287	ventricular fibrillation	Disease	HP:0001663	Ventricular fibrillation	Phenotype
visualagnosia	HP:0030222	Visual agnosia	Phenotype	MONDO:0000685	visual agnosia	Disease
whoopingcough	EFO:0000650	whooping cough	Disease	HP:0031247	Whooping cough	Phenotype
x12063measurement	EFO:0006957	X12063 measurement	Other	EFO:0021283	X-12063 measurement	Other
xlinkeddiffuseleiomyomatosisalportsyndrome	MONDO:0010641	X-linked diffuse leiomyomatosis-Alport syndrome	Disease	Orphanet:1018	X-linked diffuse leiomyomatosis - Alport syndrome	Disease
xlinkeddominantintellectualdisabilityepilepsysyndrome	MONDO:0019770	X-linked dominant intellectual disability-epilepsy syndrome	Disease	Orphanet:93951	X-linked dominant intellectual disability - epilepsy syndrome	Disease
xlinkedintellectualdisabilitycraniofacioskeletalsyndrome	MONDO:0010412	X-linked intellectual disability-craniofacioskeletal syndrome	Disease	Orphanet:163979	X-linked intellectual disability - craniofacioskeletal syndrome	Disease
