ID	Term Label	Definition	Definition Citation (e.g. website or publication)	X-refs (Split by ||)	Parent class(es) (must be in EFO or defined above in spreadsheet) (Split by ||)	DNA / RNA / genomic DNA etc?	Other information	General comment
ID	A rdfs:label	A IAO:0000115	>A EFO2:definition_citation	A oboInOwl:hasDbXref	SC %			
EFO:0022867	Genetic perturbation	A genetic manipulation of nucleic acid sequences by mutation, insertion or deletion of nucleotides, or by altering the expression of genes.			EFO:0005315			I could not find a reference for definition, so I came up with my own - please feel free to change. Also, I am not sure about the parent class - this is the best location I found.
EFO:0022868	Endogenous genetic perturbation method	A genetic perturbation method that involves the manipulation of the host organism's genome.			Genetic perturbation			I could not find a reference for definition, so I came up with my own - please feel free to change.
EFO:0022869	Exogenous genetic perturbation method	A genetic perturbation method that involves the introduction of foreign genetic material into a host organism, such as a library of synthetic sequences encoding variants of interest for a particular gene.			Genetic perturbation			I could not find a reference for definition, so I came up with my own - please feel free to change.
EFO:0022870	Nuclease-based genetic perturbation	A genetic perturbation method that involves the use of sequence-specific nucleases to induce double-strand breaks in the DNA, leading to the introduction of mutations.			Endogenous genetic perturbation method			I could not find a reference for definition, so I came up with my own - please feel free to change.
EFO:0022871	Catalytically dead Cas9-based genetic perturbation	A genetic perturbation method that involves the use of catalytically dead Cas9 (dCas9) to target specific DNA sequences without inducing double-strand breaks. dCas9 can be used for gene regulation, such as transcriptional activation or repression.			Endogenous genetic perturbation method			I could not find a reference for definition, so I came up with my own - please feel free to change.
EFO:0022872	Prime editing	A technique for precise genome editing that, in most cases, relies on a RNA-guided Cas9(H840A) nickase fused to a reverse transcriptase and a prime editing guide RNA (pegRNA) that both specifies the target site and encodes the desired edit.	PMID:31634902		Endogenous genetic perturbation method			
EFO:0022873	Base editing	A technique for the direct conversion of a specific DNA base into another at a targeted genomic locus. This technique uses a Cas nickase, or Cas fused to a deaminase, that makes the edit and a guide RNA that targets Cas to a specific locus. Cytosine base editors mediate a C to T change and adenine base editors mediate an A to G change.		NCIT:C180577	Endogenous genetic perturbation method			
EFO:0022874	Targeted suppression of gene expression	A negative regulation process that inhibits gene expression level		INO:0000085	Catalytically dead Cas9-based genetic perturbation			
EFO:0022875	Targeted activation of gene expression	A positive regulation of gene expression process that up-regulates gene expression level		INO:0000094	Catalytically dead Cas9-based genetic perturbation			
EFO:0022876	SpCas9	A Streptococcus pyogenes Cas9 nuclease protein, a CRISPR-associated protein that can be programmed to target specific DNA sequences using a guide RNA. SpCas9 is commonly used in genome editing applications due to its high efficiency and specificity.	PMID:29121460		Nuclease-based genetic perturbation			
EFO:0022877	SaCas9	A Staphylococcus aureus Cas9 nuclease protein, a CRISPR-associated protein that can be programmed to target specific DNA sequences using a guide RNA. SaCas9 is smaller than SpCas9, which can be advantageous for certain applications, such as packaging into a viral vectors for in vivo delivery.	PMID:29121460		Nuclease-based genetic perturbation			
EFO:0022878	AsCas12a	Acidaminococcus sp. BV3L6-derived CRISPR-associated nuclease protein. Unlike Cas9, AsCas12 produces staggered cuts in the DNA, creating sticky overhangs. Additionally, AsCas12a utilizes a T-rich protospacer adjacent motif (PAM), unlike the G-rich PAM required by Cas9. AsCas12a has intrinsic RNase activity, allowing for the processing of its own crRNA, which enables multiplexed genome editing.	PMID:26422227		Nuclease-based genetic perturbation			
EFO:0022879	LbCas12a	Lachnospiraceae bacterium-derived CRISPR-associated nuclease protein. Similar to other Cas12a orthologs, LbCas12a produces staggered cuts in the DNA and utilizes a T-rich protospacer adjacent motif (PAM), unlike the G-rich PAM required by Cas9. LbCas12a has intrinsic RNase activity, allowing for the processing of its own crRNA, which enables multiplexed genome editing. LbCas12a has increased activity at temperatures below 37°C compared to other Cas12a orthologs.	http://caspedia.org/wiki/LbCas12a.html		Nuclease-based genetic perturbation			
EFO:0022880	FnCas12a	Francisella novicida-derived CRISPR-associated nuclease protein. Similar to other Cas12a orthologs, FnCas12a produces staggered cuts in the DNA and utilizes a T-rich protospacer adjacent motif (PAM), unlike the G-rich PAM required by Cas9. FnCas12a has intrinsic RNase activity, allowing for the processing of its own crRNA, which enables multiplexed genome editing. FnCas12a uses shorter and more abundant PAM sequences compared to other Cas12a orthologs.	PMID:33346706		Nuclease-based genetic perturbation			
EFO:0022881	MbCas12a	Moraxella bovoculi-derived CRISPR-associated nuclease protein. Similar to other Cas12a orthologs, MbCas12a produces staggered cuts in the DNA and utilizes a T-rich protospacer adjacent motif (PAM), unlike the G-rich PAM required by Cas9. MbCas12a has intrinsic RNase activity, allowing for the processing of its own crRNA, which enables multiplexed genome editing. In addition to the canonical TTTV PAM, MbCas12a equally well recognizes non-canonical C-containing PAMs, such as TCTA, TTCA, TCCA, CTTA, CCTA, and CCCA.	PMID:36400115		Nuclease-based genetic perturbation			
EFO:0022882	AaCas12b	Alicyclobacillus acidophilus-derived CRISPR-associated nuclease protein. AaCas12b is a Cas12b ortholog that utilizes a T-rich protospacer adjacent motif (PAM) and produces overhangs upon DNA cleavage, similar to Cas12a. AaCas12b demonstrates activity between 4°C and 100°C, with maximal activity between 31°C and 59°C.	PMID:30510770		Nuclease-based genetic perturbation			
EFO:0022883	RfxCas13d	Ruminococcus flavefaciens-derived CRISPR-associated nuclease protein. RfxCas13d is a Cas13d ortholog that targets RNA rather than DNA. 	PMID:29551272		Nuclease-based genetic perturbation			
EFO:0022884	Adenine Base Editing	A genetic engineering technique that allows for the precise conversion of an A-T base pair to a G-C base pair in the genome. This technique uses a Cas9 nickase or catalytically impaired Cas9 fused to an evolved tRNA adenosine deaminase (TadA) enzyme that mediates the conversion of adenine to inosine, which is then trated as guanosine by the cellular DNA repair and replication machinery.	PMID:33462442		Base editing			
EFO:0022885	Cytosine Base Editing	A genetic engineering technique that allows for the precise conversion of a C-G base pair to a T-A base pair in the genome. This technique uses a Cas9 nickase or catalytically impaired Cas9 fused to a cytidine deaminase enzyme that mediates the conversion of cytosine to uracil, which is then converted into thymine by the cellular DNA repair and replication machinery.	PMID:33462442		Base editing			
EFO:0022886	PE1	A prime editing enzyme system that has a wild-type M-MLV reverse transcriptase fused to a Cas9(H840A) nickase through a flexible linker.	PMID:31634902		Prime editing			
EFO:0022887	PE2	A prime editing enzyme system that has an engineered M-MLV reverse transcriptase domain fused to a Cas9(H840A) nickase through a flexible linker. The engineered reverse transcriptase domain contains D200N, L603W, T330P, T306K and W313F mutations, which improve the binding, processivity and thermostability of the enzyme, leading to an overall enhanced prime editing efficiency.	PMID:31634902		Prime editing			
EFO:0022888	PE3	A prime editing enzyme system that has an engineered M-MLV reverse transcriptase domain fused to a Cas9(H840A) nickase through a flexible linker, akin to PE2. In the PE3 system, however, PE2 is combined with an additional sgRNA that promotes nicking of the non-edited strand, favouring it's preferential repair during the DNA repair process, which ultimately leads to a more efficient prime editing.	PMID:31634902		Prime editing			
EFO:0022889	PE4	A prime editing enzyme system that has an engineered M-MLV reverse transcriptase domain fused to a Cas9(H840A) nickase through a flexible linker, akin to PE2. In the PE4 system, the PE2 system is co-delivered with a plasmid encoding a catalytically impaired MLH1 gene, leading to a transient DNA mismatch repair deficiency that enhances prime editing efficiency.	PMID:34653350		Prime editing			
EFO:0022890	PE5	A prime editing enzyme system that has an engineered M-MLV reverse transcriptase domain fused to a Cas9(H840A) nickase through a flexible linker, combined with an additional sgRNA that promotes nicking of the non-edited strand, akin to PE3. In the PE5 system, the PE3 system is co-delivered with a plasmid encoding a catalytically impaired MLH1 gene, leading to a transient DNA mismatch repair deficiency that enhances prime editing efficiency.	PMID:34653350		Prime editing			
EFO:0022891	PEmax	A prime editing enzyme system that has an engineered M-MLV reverse transcriptase (RT) domain fused to a Cas9(H840A) nickase through a flexible linker, akin to PE2. PEmax system includes additional modifications aimed at improving the efficiency of prime editing, including the human codon-optimised version of the RT domain, a 34-aa linker containing a bipartite SV40 nuclear localisation signal (NLS), an additional C-terminal c-Myc NLS, and R221K N394K mutations in SpCas9, which further improve the prime editing efficiency.	PMID:34653350		Prime editing			
EFO:0022892	twinPE	A prime editing enzyme system that has an engineered M-MLV reverse transcriptase domain fused to a Cas9(H840A) nickase through a flexible linker, akin to PE2. Unlike the PE2 system, the twinPE system requires two different pegRNAs, which allow for the targeted replacement or excision of DNA sequences.	PMID:34887556		Prime editing			
EFO:0022893	PE-nuclease	A prime editing enzyme system that has an engineered M-MLV reverse transcriptase domain fused to a SpCas9 nuclease instead of a SpCas9(H840A) nickase in PE2 system. The PE-nuclease system is designed to induce a double-strand break at the target site, which can improve the efficiency of editing in certain conditions but may also increase the occurrence of off-target effects.	PMID:34534334		Prime editing			
EFO:0022894	dCas9	A catalytically inactive (dead) version of the Cas9 nuclease protein. dCas9 is unable to cleave DNA but retains the ability to bind to specific DNA sequences determined by a guide RNA. Binding of dCas9:sgRNA complex to a target protein-coding or upstream promoter sequence can be used for gene repression without altering the DNA sequence.	PMID:23452860		Targeted suppression of gene expression			
EFO:0022895	dCas9-KRAB	A fusion protein that combines a catalytically inactive Cas9 (dCas9) with the Krüppel-associated box (KRAB) domain. The KRAB domain recruits chromatin-modifying transcriptional repressors, leading to more potent gene repression compared to dCas9 alone.	PMID:23849981		Targeted suppression of gene expression			
EFO:0022896	dCas9-VP64	A fusion protein that combines a catalytically inactive Cas9 (dCas9) with four copies of the VP16 activation domain (VP64). By targeting dCas9-VP64 near the transcription starting site of the target gene using a guide RNA, the transcriptional activation of the target gene can be achieved.	PMID:35763517		Targeted activation of gene expression			
EFO:0022897	dCas9-SAM	A gene activation system that consists of a dCas9-VP64 fusion protein, MS2–p65–HSF1 fusion of activational domains, and a modified sgRNA scaffold to recruit the activational domains to the target gene transcription starting site. By recruiting multiple activation factors, the synergistic activation mediator (SAM) system achieves robust transcriptional activation, exceeding the activation levels of dCas9-VP64 alone.	PMID:25494202		Targeted activation of gene expression			
EFO:0022898	dCas9-Suntag	A gene activation system that consists of a dCas9 fused to a repeated GCN4 peptide tag array and an anti-GCN4 peptide single-chain variable fragment (scFv) antibody fused to a transcriptional activator, such as VP64. By recruiting multiple copies of the transcriptional activator to the target gene transcription starting site using a guide RNA, the SunTag system achieves robust transcriptional activation, exceeding the activation levels of dCas9-VP64 alone.	PMID:25307933		Targeted activation of gene expression			
EFO:0022899	dCas9-VPR	A gene activation system that consists of a dCas9 fused to three transcriptional activation domains: VP64, p65, and Rta (VPR). By targeting dCas9-VPR near the transcription starting site of the target gene using a guide RNA, the transcriptional activation of the target gene can be achieved. The VPR system achieves higher levels of gene activation compared to dCas9-VP64. The advantage of the dCas9-VPR system is that it consists of a single fusion protein, which simplifies the experimental design, compared to the dCas9-SAM and dCas9-SunTag systems.	PMID:25730490		Targeted activation of gene expression			
EFO:0022900	doped oligo synthesis	A method for the synthesis of oligonucleotide libraries that introduces mutations biased towards a particular base (or set of bases) at specific positions in the oligonucleotide sequence. This technique can be used to generate diverse libraries of genetic variants with a relatively low level of randomisation for functional genomics studies.	https://deepblue.lib.umich.edu/bitstream/handle/2027.42/143751/cpnca03c.pdf?sequence=1/1000		Exogenous genetic perturbation method			
EFO:0022901	error-prone PCR	A method for the generation of random mutations in a DNA sequence during PCR amplification. Error-prone PCR is typically performed using reaction buffer conditions that reduce the fidelity of Taq DNA polymerase during DNA synthesis, leading to the introduction of random mutations in the amplified DNA fragment. The rate of mutations can be controlled by adjusting the number of PCR cycles and composition of the reaction buffer.	https://link.springer.com/protocol/10.1007/978-1-60761-652-8_7		Exogenous genetic perturbation method			
EFO:0022902	microarray synthesis	A method for the parallel synthesis of a large number of oligonucleotides on a solid support, such as a glass slide. Microarray synthesis uses photolithography or inkjet printing to selectively deprotect and initiate a stepwise addition of nucleotides to build up the desired oligonucleotide sequences. Microarray synthesis is commonly used for the high-throughput generation of oligonucleotide libraries for genetic perturbation studies.	https://bitesizebio.com/7463/how-dna-microarrays-are-built/		Exogenous genetic perturbation method			
EFO:0022903	nicking mutagenesis	A saturation mutagenesis method in which a single-strand break (nick) is introduced in the double-stranded DNA plasmid template using a strand-specific nicking endonuclease. Following the nicking reaction, the nicked strand is degraded by an exonuclease III, generating a single-stranded DNA template. Mutagenic oligonucleotides containing the desired mutations are then annealed to the single-stranded template and extended by a high-fidelity DNA polymerase. The intact strand is then nicked and degraded, and a second primer is used to amplify the mutated plasmid. Nicking mutagenesis can be used to generate user-defined libraries of genetic variants for functional genomics studies.	PMID:27723752		Exogenous genetic perturbation method			
EFO:0022904	oligo-directed mutagenic PCR	A method for the generation of random mutations in a DNA sequence during PCR amplification. Oligo-directed mutagenic PCR relies on a degenerate primer that contains a mixture of nucleotides at specific positions of interest, leading to the introduction of random mutations at these positions in the amplified DNA fragment.	PMID:8443572		Exogenous genetic perturbation method			
EFO:0022905	site-directed mutagenesis	An induced mutation in which a specific base change is programmed into the sequence of a synthetic primer.		OBI:0002619	Exogenous genetic perturbation method			